,Age,Incidental lump,Breast pain,Nipple discharge,Nipple retraction,Breast asymmetry,Age at menarche (years),Age at 1st child (years),Num of pregnancies,Num childern,Breast feeding,Age at meNopause(years),Use of OCP,use of depot provera,Family hx,Skin Nodule,skin ulceration
count,144,144,144,142,142,141,142,140,144,144,139,144,143,141,143,139,140
mean,47.7986111111111,1.23611111111111,1.5625,3.8943661971831,5.95774647887324,3.98581560283688,13.5422535211268,25.5857142857143,2.58333333333333,2.25,1.0431654676259,2.39583333333333,1.65034965034965,1.73758865248227,1.91608391608392,1.97841726618705,1.98571428571429
std,12.0775928812719,0.426173593297299,0.497809888727298,0.308456382858033,0.201879095781992,0.118672153601959,1.45681689069069,5.34828112545673,1.24877562413772,1.14354374979373,0.203964461138625,1.56544303253484,0.478535636872448,0.441513469636334,0.278236486112578,0.14584217692178,0.119092146520228
min,21,1,1,3,5,3,10,16,1,0,1,1,1,1,1,1,1
25%,40,1,1,4,6,4,13,21,2,1.75,1,1,1,1,2,2,2
50%,48,1,2,4,6,4,14,26,2,2,1,1,2,2,2,2,2
75%,56.25,1,2,4,6,4,14,29,3,3,1,4,2,2,2,2,2
max,79,2,2,4,6,4,18,43,7,6,2,5,2,2,2,2,2
